Nombre,Apellido,Edad,Profesin
Eduardo,Lpez,21,Abogado
Alejandro,Prez,57,Abogado
Beatriz,Martnez,69,Diseador
Carlos,Ramrez,57,Diseador
Alejandro,Martnez,48,Abogado
Beatriz,Gmez,68,Abogado
Diana,Martnez,67,Doctor
Diana,Prez,59,Ingeniero
Carlos,Ramrez,50,Doctor
Beatriz,Lpez,52,Profesor
Beatriz,Gmez,58,Profesor
Carlos,Prez,64,Doctor
Diana,Gmez,40,Abogado
Eduardo,Ramrez,21,Doctor
Diana,Prez,26,Diseador
Eduardo,Martnez,32,Ingeniero
Diana,Prez,26,Abogado
Alejandro,Martnez,58,Diseador
Eduardo,Ramrez,33,Diseador
Carlos,Gmez,18,Diseador
Beatriz,Gmez,65,Diseador
Alejandro,Martnez,56,Ingeniero
Alejandro,Martnez,36,Abogado
Alejandro,Lpez,59,Diseador
Eduardo,Gmez,33,Abogado
Diana,Gmez,56,Doctor
Eduardo,Martnez,55,Diseador
Diana,Lpez,23,Ingeniero
Beatriz,Lpez,41,Profesor
Carlos,Lpez,53,Ingeniero
Alejandro,Gmez,38,Diseador
Eduardo,Ramrez,24,Ingeniero
Diana,Martnez,63,Diseador
Eduardo,Gmez,18,Profesor
Eduardo,Ramrez,50,Diseador
Beatriz,Ramrez,46,Abogado
Beatriz,Lpez,36,Diseador
Carlos,Martnez,62,Doctor
Alejandro,Prez,41,Diseador
Beatriz,Ramrez,53,Profesor
Diana,Lpez,27,Diseador
Alejandro,Prez,34,Ingeniero
Beatriz,Prez,55,Doctor
Diana,Ramrez,33,Profesor
Alejandro,Martnez,54,Doctor
Carlos,Lpez,20,Ingeniero
Eduardo,Prez,34,Diseador
Carlos,Martnez,56,Diseador
Carlos,Gmez,38,Abogado
Carlos,Prez,50,Diseador
Carlos,Prez,46,Ingeniero
Carlos,Gmez,59,Abogado
Eduardo,Lpez,44,Doctor
Diana,Gmez,33,Ingeniero
Eduardo,Ramrez,65,Profesor
Carlos,Lpez,52,Profesor
Carlos,Ramrez,42,Ingeniero
Eduardo,Gmez,53,Abogado
Diana,Ramrez,40,Ingeniero
Beatriz,Martnez,39,Diseador
Beatriz,Ramrez,64,Abogado
Eduardo,Prez,47,Doctor
Diana,Martnez,52,Abogado
Eduardo,Lpez,51,Abogado
Carlos,Gmez,69,Ingeniero
Alejandro,Martnez,59,Diseador
Alejandro,Gmez,47,Abogado
Carlos,Prez,49,Abogado
Eduardo,Prez,28,Diseador
Diana,Martnez,58,Doctor
Carlos,Gmez,54,Doctor
Diana,Martnez,51,Abogado
Alejandro,Ramrez,23,Diseador
Alejandro,Martnez,45,Abogado
Beatriz,Martnez,51,Doctor
Alejandro,Prez,51,Profesor
Beatriz,Martnez,24,Profesor
Beatriz,Lpez,40,Doctor
Diana,Lpez,51,Profesor
Eduardo,Lpez,49,Ingeniero
Diana,Lpez,50,Profesor
Alejandro,Martnez,49,Ingeniero
Eduardo,Gmez,51,Abogado
Alejandro,Ramrez,40,Profesor
Alejandro,Martnez,19,Diseador
Alejandro,Gmez,48,Diseador
Alejandro,Ramrez,22,Doctor
Beatriz,Gmez,42,Profesor
Beatriz,Martnez,49,Ingeniero
Diana,Gmez,37,Diseador
Carlos,Martnez,46,Profesor
Beatriz,Lpez,62,Abogado
Beatriz,Gmez,34,Profesor
Alejandro,Ramrez,43,Diseador
Beatriz,Prez,24,Abogado
Carlos,Martnez,18,Ingeniero
Beatriz,Martnez,66,Profesor
Carlos,Gmez,34,Ingeniero
Diana,Ramrez,55,Abogado
Eduardo,Martnez,21,Abogado
